column_number,row_letter,concentration,well,plate,mouse_id,name
1,0,1.376376464840293,0.01.0,MAA000154,30_2_M,0.01.0-MAA000154-30_2_M-1
1,1,1.2798490600492103,1.01.0,MAA000154,30_2_M,1.01.0-MAA000154-30_2_M-1
1,2,0.4138335014869572,2.01.0,MAA000154,30_2_M,2.01.0-MAA000154-30_2_M-1
1,3,0.5583682333398474,3.01.0,MAA000154,30_2_M,3.01.0-MAA000154-30_2_M-1
1,4,1.5654057633547853,4.01.0,MAA000154,30_2_M,4.01.0-MAA000154-30_2_M-1
1,5,0.6352557337770085,5.01.0,MAA000154,30_2_M,5.01.0-MAA000154-30_2_M-1
1,6,1.7917523144093301,6.01.0,MAA000154,30_2_M,6.01.0-MAA000154-30_2_M-1
1,7,1.7171943036012947,7.01.0,MAA000154,30_2_M,7.01.0-MAA000154-30_2_M-1
1,8,1.3994896872353841,8.01.0,MAA000154,30_2_M,8.01.0-MAA000154-30_2_M-1
1,9,1.2401078952629458,9.01.0,MAA000154,30_2_M,9.01.0-MAA000154-30_2_M-1
1,10,2.5067072235327377,10.01.0,MAA000154,30_2_M,10.01.0-MAA000154-30_2_M-1
1,11,0.39329837510521853,11.01.0,MAA000154,30_2_M,11.01.0-MAA000154-30_2_M-1
1,12,1.2564955978308998,12.01.0,MAA000154,30_2_M,12.01.0-MAA000154-30_2_M-1
1,13,1.3552987072160592,13.01.0,MAA000154,30_2_M,13.01.0-MAA000154-30_2_M-1
1,14,3.42491817055262,14.01.0,MAA000154,30_2_M,14.01.0-MAA000154-30_2_M-1
1,15,0.49823297848597303,15.01.0,MAA000154,30_2_M,15.01.0-MAA000154-30_2_M-1
2,0,0.4950572709720752,0.02.0,MAA000154,30_2_M,0.02.0-MAA000154-30_2_M-1
2,1,1.3068527333128515,1.02.0,MAA000154,30_2_M,1.02.0-MAA000154-30_2_M-1
2,2,0.3119526928739893,2.02.0,MAA000154,30_2_M,2.02.0-MAA000154-30_2_M-1
2,3,1.4168120541901912,3.02.0,MAA000154,30_2_M,3.02.0-MAA000154-30_2_M-1
2,4,1.484744943903181,4.02.0,MAA000154,30_2_M,4.02.0-MAA000154-30_2_M-1
2,5,1.1845479540572463,5.02.0,MAA000154,30_2_M,5.02.0-MAA000154-30_2_M-1
2,6,1.2976602732114633,6.02.0,MAA000154,30_2_M,6.02.0-MAA000154-30_2_M-1
2,7,1.3542445205290972,7.02.0,MAA000154,30_2_M,7.02.0-MAA000154-30_2_M-1
2,8,0.40048166534177343,8.02.0,MAA000154,30_2_M,8.02.0-MAA000154-30_2_M-1
2,9,1.6187664942384778,9.02.0,MAA000154,30_2_M,9.02.0-MAA000154-30_2_M-1
2,10,0.49067199778107357,10.02.0,MAA000154,30_2_M,10.02.0-MAA000154-30_2_M-1
2,11,1.1784726355427027,11.02.0,MAA000154,30_2_M,11.02.0-MAA000154-30_2_M-1
2,12,0.5398195675859215,12.02.0,MAA000154,30_2_M,12.02.0-MAA000154-30_2_M-1
2,13,2.0675978308310436,13.02.0,MAA000154,30_2_M,13.02.0-MAA000154-30_2_M-1
2,14,1.5463873749614307,14.02.0,MAA000154,30_2_M,14.02.0-MAA000154-30_2_M-1
2,15,0.5752029493102094,15.02.0,MAA000154,30_2_M,15.02.0-MAA000154-30_2_M-1
3,0,1.216184311673115,0.03.0,MAA000154,30_2_M,0.03.0-MAA000154-30_2_M-1
3,1,0.3357065547976651,1.03.0,MAA000154,30_2_M,1.03.0-MAA000154-30_2_M-1
3,2,2.077191885860798,2.03.0,MAA000154,30_2_M,2.03.0-MAA000154-30_2_M-1
3,3,1.3766047524335012,3.03.0,MAA000154,30_2_M,3.03.0-MAA000154-30_2_M-1
3,4,0.3178630706143826,4.03.0,MAA000154,30_2_M,4.03.0-MAA000154-30_2_M-1
3,5,0.3953816487961196,5.03.0,MAA000154,30_2_M,5.03.0-MAA000154-30_2_M-1
3,6,1.4238997265866586,6.03.0,MAA000154,30_2_M,6.03.0-MAA000154-30_2_M-1
3,7,1.6917695199220941,7.03.0,MAA000154,30_2_M,7.03.0-MAA000154-30_2_M-1
3,8,1.132242605083517,8.03.0,MAA000154,30_2_M,8.03.0-MAA000154-30_2_M-1
3,9,1.2688446418781685,9.03.0,MAA000154,30_2_M,9.03.0-MAA000154-30_2_M-1
3,10,1.8463979100191952,10.03.0,MAA000154,30_2_M,10.03.0-MAA000154-30_2_M-1
3,11,1.255853763079314,11.03.0,MAA000154,30_2_M,11.03.0-MAA000154-30_2_M-1
3,12,0.4962787888791898,12.03.0,MAA000154,30_2_M,12.03.0-MAA000154-30_2_M-1
3,13,1.637832691551876,13.03.0,MAA000154,30_2_M,13.03.0-MAA000154-30_2_M-1
3,14,0.4526937869214178,14.03.0,MAA000154,30_2_M,14.03.0-MAA000154-30_2_M-1
3,15,3.0825465418902005,15.03.0,MAA000154,30_2_M,15.03.0-MAA000154-30_2_M-1
4,0,0.4377750134218042,0.04.0,MAA000154,30_2_M,0.04.0-MAA000154-30_2_M-1
4,1,1.1065680197970884,1.04.0,MAA000154,30_2_M,1.04.0-MAA000154-30_2_M-1
4,2,1.0562825976952022,2.04.0,MAA000154,30_2_M,2.04.0-MAA000154-30_2_M-1
4,3,1.6441267358756193,3.04.0,MAA000154,30_2_M,3.04.0-MAA000154-30_2_M-1
4,4,1.5528451648363235,4.04.0,MAA000154,30_2_M,4.04.0-MAA000154-30_2_M-1
4,5,0.42438732058658774,5.04.0,MAA000154,30_2_M,5.04.0-MAA000154-30_2_M-1
4,6,0.6629717599492998,6.04.0,MAA000154,30_2_M,6.04.0-MAA000154-30_2_M-1
4,7,1.3364918732938977,7.04.0,MAA000154,30_2_M,7.04.0-MAA000154-30_2_M-1
4,8,0.37471743833026316,8.04.0,MAA000154,30_2_M,8.04.0-MAA000154-30_2_M-1
4,9,0.45328900797596094,9.04.0,MAA000154,30_2_M,9.04.0-MAA000154-30_2_M-1
4,10,0.9961796138623573,10.04.0,MAA000154,30_2_M,10.04.0-MAA000154-30_2_M-1
4,11,1.6108839985462848,11.04.0,MAA000154,30_2_M,11.04.0-MAA000154-30_2_M-1
4,12,0.4805424828468302,12.04.0,MAA000154,30_2_M,12.04.0-MAA000154-30_2_M-1
4,13,1.8938877055215302,13.04.0,MAA000154,30_2_M,13.04.0-MAA000154-30_2_M-1
4,14,1.049237953326774,14.04.0,MAA000154,30_2_M,14.04.0-MAA000154-30_2_M-1
4,15,0.5983424666113246,15.04.0,MAA000154,30_2_M,15.04.0-MAA000154-30_2_M-1
5,0,2.5706038451710445,0.05.0,MAA000154,30_2_M,0.05.0-MAA000154-30_2_M-1
5,1,0.3204949516627843,1.05.0,MAA000154,30_2_M,1.05.0-MAA000154-30_2_M-1
5,2,2.361069300849841,2.05.0,MAA000154,30_2_M,2.05.0-MAA000154-30_2_M-1
5,3,0.4446977450441213,3.05.0,MAA000154,30_2_M,3.05.0-MAA000154-30_2_M-1
5,4,0.6571127767979534,4.05.0,MAA000154,30_2_M,4.05.0-MAA000154-30_2_M-1
5,5,1.7491222956294294,5.05.0,MAA000154,30_2_M,5.05.0-MAA000154-30_2_M-1
5,6,3.07225567185081,6.05.0,MAA000154,30_2_M,6.05.0-MAA000154-30_2_M-1
5,7,1.591346883370457,7.05.0,MAA000154,30_2_M,7.05.0-MAA000154-30_2_M-1
5,8,1.5378726063016608,8.05.0,MAA000154,30_2_M,8.05.0-MAA000154-30_2_M-1
5,9,1.5767807006561652,9.05.0,MAA000154,30_2_M,9.05.0-MAA000154-30_2_M-1
5,10,2.1176250847646942,10.05.0,MAA000154,30_2_M,10.05.0-MAA000154-30_2_M-1
5,11,0.8651497066987904,11.05.0,MAA000154,30_2_M,11.05.0-MAA000154-30_2_M-1
5,12,1.4403842422177011,12.05.0,MAA000154,30_2_M,12.05.0-MAA000154-30_2_M-1
5,13,1.1681243947992597,13.05.0,MAA000154,30_2_M,13.05.0-MAA000154-30_2_M-1
5,14,1.4526544015468978,14.05.0,MAA000154,30_2_M,14.05.0-MAA000154-30_2_M-1
5,15,1.3618819955060666,15.05.0,MAA000154,30_2_M,15.05.0-MAA000154-30_2_M-1
6,0,0.5490096372413076,0.06.0,MAA000154,30_2_M,0.06.0-MAA000154-30_2_M-1
6,1,0.33840775878013,1.06.0,MAA000154,30_2_M,1.06.0-MAA000154-30_2_M-1
6,2,0.3010797492330676,2.06.0,MAA000154,30_2_M,2.06.0-MAA000154-30_2_M-1
6,3,1.084664363079101,3.06.0,MAA000154,30_2_M,3.06.0-MAA000154-30_2_M-1
6,4,1.7219190201246062,4.06.0,MAA000154,30_2_M,4.06.0-MAA000154-30_2_M-1
6,5,2.395135546826927,5.06.0,MAA000154,30_2_M,5.06.0-MAA000154-30_2_M-1
6,6,1.3938542107852416,6.06.0,MAA000154,30_2_M,6.06.0-MAA000154-30_2_M-1
6,7,0.4031768932092329,7.06.0,MAA000154,30_2_M,7.06.0-MAA000154-30_2_M-1
6,8,2.534064682804702,8.06.0,MAA000154,30_2_M,8.06.0-MAA000154-30_2_M-1
6,9,0.3716253964264416,9.06.0,MAA000154,30_2_M,9.06.0-MAA000154-30_2_M-1
6,10,0.4315933200601633,10.06.0,MAA000154,30_2_M,10.06.0-MAA000154-30_2_M-1
6,11,1.612666076040911,11.06.0,MAA000154,30_2_M,11.06.0-MAA000154-30_2_M-1
6,12,1.2185723672292943,12.06.0,MAA000154,30_2_M,12.06.0-MAA000154-30_2_M-1
6,13,0.3805608835825954,13.06.0,MAA000154,30_2_M,13.06.0-MAA000154-30_2_M-1
6,14,1.5644842464209443,14.06.0,MAA000154,30_2_M,14.06.0-MAA000154-30_2_M-1
6,15,1.8401038656954516,15.06.0,MAA000154,30_2_M,15.06.0-MAA000154-30_2_M-1
7,0,0.3434468189527282,0.07.0,MAA000154,30_2_M,0.07.0-MAA000154-30_2_M-1
7,1,2.4505532564954966,1.07.0,MAA000154,30_2_M,1.07.0-MAA000154-30_2_M-1
7,2,0.5222641321459018,2.07.0,MAA000154,30_2_M,2.07.0-MAA000154-30_2_M-1
7,3,0.7508373836514786,3.07.0,MAA000154,30_2_M,3.07.0-MAA000154-30_2_M-1
7,4,0.2303607947045354,4.07.0,MAA000154,30_2_M,4.07.0-MAA000154-30_2_M-1
7,5,2.736945420678834,5.07.0,MAA000154,30_2_M,5.07.0-MAA000154-30_2_M-1
7,6,2.268970197277799,6.07.0,MAA000154,30_2_M,6.07.0-MAA000154-30_2_M-1
7,7,0.2848127641882237,7.07.0,MAA000154,30_2_M,7.07.0-MAA000154-30_2_M-1
7,8,1.3702425803986957,8.07.0,MAA000154,30_2_M,8.07.0-MAA000154-30_2_M-1
7,9,0.41690761504576235,9.07.0,MAA000154,30_2_M,9.07.0-MAA000154-30_2_M-1
7,10,1.405169386936567,10.07.0,MAA000154,30_2_M,10.07.0-MAA000154-30_2_M-1
7,11,0.2964422839888358,11.07.0,MAA000154,30_2_M,11.07.0-MAA000154-30_2_M-1
7,12,0.45785954073213164,12.07.0,MAA000154,30_2_M,12.07.0-MAA000154-30_2_M-1
7,13,2.2290927770694102,13.07.0,MAA000154,30_2_M,13.07.0-MAA000154-30_2_M-1
7,14,0.3997346509660918,14.07.0,MAA000154,30_2_M,14.07.0-MAA000154-30_2_M-1
7,15,0.4457626887380931,15.07.0,MAA000154,30_2_M,15.07.0-MAA000154-30_2_M-1
8,0,0.4587762767739682,0.08.0,MAA000154,30_2_M,0.08.0-MAA000154-30_2_M-1
8,1,3.022357502001277,1.08.0,MAA000154,30_2_M,1.08.0-MAA000154-30_2_M-1
8,2,1.0454000922702718,2.08.0,MAA000154,30_2_M,2.08.0-MAA000154-30_2_M-1
8,3,0.5870428283590134,3.08.0,MAA000154,30_2_M,3.08.0-MAA000154-30_2_M-1
8,4,0.22453766824322172,4.08.0,MAA000154,30_2_M,4.08.0-MAA000154-30_2_M-1
8,5,0.35388231097525075,5.08.0,MAA000154,30_2_M,5.08.0-MAA000154-30_2_M-1
8,6,0.29323908634591284,6.08.0,MAA000154,30_2_M,6.08.0-MAA000154-30_2_M-1
8,7,1.1522351002227604,7.08.0,MAA000154,30_2_M,7.08.0-MAA000154-30_2_M-1
8,8,1.2578760803971596,8.08.0,MAA000154,30_2_M,8.08.0-MAA000154-30_2_M-1
8,9,0.26984618176856645,9.08.0,MAA000154,30_2_M,9.08.0-MAA000154-30_2_M-1
8,10,-0.42061024150148607,10.08.0,MAA000154,30_2_M,10.08.0-MAA000154-30_2_M-1
8,11,0.2852047973325814,11.08.0,MAA000154,30_2_M,11.08.0-MAA000154-30_2_M-1
8,12,0.8580453011803075,12.08.0,MAA000154,30_2_M,12.08.0-MAA000154-30_2_M-1
8,13,1.556555137031709,13.08.0,MAA000154,30_2_M,13.08.0-MAA000154-30_2_M-1
8,14,1.2812534470754917,14.08.0,MAA000154,30_2_M,14.08.0-MAA000154-30_2_M-1
8,15,1.0505658460809857,15.08.0,MAA000154,30_2_M,15.08.0-MAA000154-30_2_M-1
9,0,1.4632966671486092,0.09.0,MAA000154,30_2_M,0.09.0-MAA000154-30_2_M-1
9,1,0.3654747788628291,1.09.0,MAA000154,30_2_M,1.09.0-MAA000154-30_2_M-1
9,2,2.3003938051994735,2.09.0,MAA000154,30_2_M,2.09.0-MAA000154-30_2_M-1
9,3,0.3270710686147851,3.09.0,MAA000154,30_2_M,3.09.0-MAA000154-30_2_M-1
9,4,0.9068665751058578,4.09.0,MAA000154,30_2_M,4.09.0-MAA000154-30_2_M-1
9,5,0.3548109992470982,5.09.0,MAA000154,30_2_M,5.09.0-MAA000154-30_2_M-1
9,6,1.5706061786325307,6.09.0,MAA000154,30_2_M,6.09.0-MAA000154-30_2_M-1
9,7,1.0248924560175583,7.09.0,MAA000154,30_2_M,7.09.0-MAA000154-30_2_M-1
9,8,0.27713106596021403,8.09.0,MAA000154,30_2_M,8.09.0-MAA000154-30_2_M-1
9,9,0.945406540776026,9.09.0,MAA000154,30_2_M,9.09.0-MAA000154-30_2_M-1
9,10,0.4142171680703073,10.09.0,MAA000154,30_2_M,10.09.0-MAA000154-30_2_M-1
9,11,2.028751888072596,11.09.0,MAA000154,30_2_M,11.09.0-MAA000154-30_2_M-1
9,12,1.6460952681584158,12.09.0,MAA000154,30_2_M,12.09.0-MAA000154-30_2_M-1
9,13,1.4731596473536093,13.09.0,MAA000154,30_2_M,13.09.0-MAA000154-30_2_M-1
9,14,0.47573888160544686,14.09.0,MAA000154,30_2_M,14.09.0-MAA000154-30_2_M-1
9,15,1.4324288379224417,15.09.0,MAA000154,30_2_M,15.09.0-MAA000154-30_2_M-1
10,0,2.5637480460367885,0.010.0,MAA000154,30_2_M,0.010.0-MAA000154-30_2_M-1
10,1,0.39788086009140017,1.010.0,MAA000154,30_2_M,1.010.0-MAA000154-30_2_M-1
10,2,0.3428862593652167,2.010.0,MAA000154,30_2_M,2.010.0-MAA000154-30_2_M-1
10,3,2.828442131858326,3.010.0,MAA000154,30_2_M,3.010.0-MAA000154-30_2_M-1
10,4,0.8412297087779631,4.010.0,MAA000154,30_2_M,4.010.0-MAA000154-30_2_M-1
10,5,0.8074299975301202,5.010.0,MAA000154,30_2_M,5.010.0-MAA000154-30_2_M-1
10,6,0.8392420529271493,6.010.0,MAA000154,30_2_M,6.010.0-MAA000154-30_2_M-1
10,7,1.882993247866589,7.010.0,MAA000154,30_2_M,7.010.0-MAA000154-30_2_M-1
10,8,2.8678259249672644,8.010.0,MAA000154,30_2_M,8.010.0-MAA000154-30_2_M-1
10,9,0.29705065249639095,9.010.0,MAA000154,30_2_M,9.010.0-MAA000154-30_2_M-1
10,10,1.186376645248915,10.010.0,MAA000154,30_2_M,10.010.0-MAA000154-30_2_M-1
10,11,1.0844551990539102,11.010.0,MAA000154,30_2_M,11.010.0-MAA000154-30_2_M-1
10,12,0.29788730859715445,12.010.0,MAA000154,30_2_M,12.010.0-MAA000154-30_2_M-1
10,13,0.28943708197944346,13.010.0,MAA000154,30_2_M,13.010.0-MAA000154-30_2_M-1
10,14,0.5619072886460769,14.010.0,MAA000154,30_2_M,14.010.0-MAA000154-30_2_M-1
10,15,0.2763242904344778,15.010.0,MAA000154,30_2_M,15.010.0-MAA000154-30_2_M-1
11,0,1.0442502877432225,0.011.0,MAA000154,30_2_M,0.011.0-MAA000154-30_2_M-1
11,1,1.1364151285803246,1.011.0,MAA000154,30_2_M,1.011.0-MAA000154-30_2_M-1
11,2,1.0903273296582685,2.011.0,MAA000154,30_2_M,2.011.0-MAA000154-30_2_M-1
11,3,0.31204950593707764,3.011.0,MAA000154,30_2_M,3.011.0-MAA000154-30_2_M-1
11,4,0.2741872317085277,4.011.0,MAA000154,30_2_M,4.011.0-MAA000154-30_2_M-1
11,5,2.7981647427946976,5.011.0,MAA000154,30_2_M,5.011.0-MAA000154-30_2_M-1
11,6,0.36319787904575135,6.011.0,MAA000154,30_2_M,6.011.0-MAA000154-30_2_M-1
11,7,0.9616460356918449,7.011.0,MAA000154,30_2_M,7.011.0-MAA000154-30_2_M-1
11,8,0.3085391359828744,8.011.0,MAA000154,30_2_M,8.011.0-MAA000154-30_2_M-1
11,9,0.2172444174905665,9.011.0,MAA000154,30_2_M,9.011.0-MAA000154-30_2_M-1
11,10,2.5742146138573396,10.011.0,MAA000154,30_2_M,10.011.0-MAA000154-30_2_M-1
11,11,0.538192869081437,11.011.0,MAA000154,30_2_M,11.011.0-MAA000154-30_2_M-1
11,12,0.39547607141320573,12.011.0,MAA000154,30_2_M,12.011.0-MAA000154-30_2_M-1
11,13,2.4179714774857652,13.011.0,MAA000154,30_2_M,13.011.0-MAA000154-30_2_M-1
11,14,-0.4227688142414558,14.011.0,MAA000154,30_2_M,14.011.0-MAA000154-30_2_M-1
11,15,1.6276219014535585,15.011.0,MAA000154,30_2_M,15.011.0-MAA000154-30_2_M-1
12,0,-0.035818953307357855,0.012.0,MAA000154,30_2_M,0.012.0-MAA000154-30_2_M-1
12,1,0.3852856001059068,1.012.0,MAA000154,30_2_M,1.012.0-MAA000154-30_2_M-1
12,2,2.5413352243203366,2.012.0,MAA000154,30_2_M,2.012.0-MAA000154-30_2_M-1
12,3,2.000946220175223,3.012.0,MAA000154,30_2_M,3.012.0-MAA000154-30_2_M-1
12,4,0.6702805486009692,4.012.0,MAA000154,30_2_M,4.012.0-MAA000154-30_2_M-1
12,5,0.6330947705910366,5.012.0,MAA000154,30_2_M,5.012.0-MAA000154-30_2_M-1
12,6,1.0456690174455172,6.012.0,MAA000154,30_2_M,6.012.0-MAA000154-30_2_M-1
12,7,3.2402729500061285,7.012.0,MAA000154,30_2_M,7.012.0-MAA000154-30_2_M-1
12,8,3.6520452022268772,8.012.0,MAA000154,30_2_M,8.012.0-MAA000154-30_2_M-1
12,9,1.4363240696829962,9.012.0,MAA000154,30_2_M,9.012.0-MAA000154-30_2_M-1
12,10,0.9073410786372907,10.012.0,MAA000154,30_2_M,10.012.0-MAA000154-30_2_M-1
12,11,0.9089522392427609,11.012.0,MAA000154,30_2_M,11.012.0-MAA000154-30_2_M-1
12,12,0.23172334892577875,12.012.0,MAA000154,30_2_M,12.012.0-MAA000154-30_2_M-1
12,13,3.012129978780944,13.012.0,MAA000154,30_2_M,13.012.0-MAA000154-30_2_M-1
12,14,1.3583536972068468,14.012.0,MAA000154,30_2_M,14.012.0-MAA000154-30_2_M-1
12,15,1.4377953891973387,15.012.0,MAA000154,30_2_M,15.012.0-MAA000154-30_2_M-1
13,0,0.39449359810630924,0.013.0,MAA000154,30_2_M,0.013.0-MAA000154-30_2_M-1
13,1,0.3851816157048119,1.013.0,MAA000154,30_2_M,1.013.0-MAA000154-30_2_M-1
13,2,0.3357961965227469,2.013.0,MAA000154,30_2_M,2.013.0-MAA000154-30_2_M-1
13,3,2.097858486772657,3.013.0,MAA000154,30_2_M,3.013.0-MAA000154-30_2_M-1
13,4,1.0006557240014418,4.013.0,MAA000154,30_2_M,4.013.0-MAA000154-30_2_M-1
13,5,2.282630400957264,5.013.0,MAA000154,30_2_M,5.013.0-MAA000154-30_2_M-1
13,6,0.9257702220911076,6.013.0,MAA000154,30_2_M,6.013.0-MAA000154-30_2_M-1
13,7,0.3104204169865911,7.013.0,MAA000154,30_2_M,7.013.0-MAA000154-30_2_M-1
13,8,1.6022329744643906,8.013.0,MAA000154,30_2_M,8.013.0-MAA000154-30_2_M-1
13,9,0.3725385467992749,9.013.0,MAA000154,30_2_M,9.013.0-MAA000154-30_2_M-1
13,10,0.32608979053088966,10.013.0,MAA000154,30_2_M,10.013.0-MAA000154-30_2_M-1
13,11,2.5307646720986905,11.013.0,MAA000154,30_2_M,11.013.0-MAA000154-30_2_M-1
13,12,-0.022698990424385678,12.013.0,MAA000154,30_2_M,12.013.0-MAA000154-30_2_M-1
13,13,1.1247007479466349,13.013.0,MAA000154,30_2_M,13.013.0-MAA000154-30_2_M-1
13,14,2.611805572464642,14.013.0,MAA000154,30_2_M,14.013.0-MAA000154-30_2_M-1
13,15,0.9932417557256765,15.013.0,MAA000154,30_2_M,15.013.0-MAA000154-30_2_M-1
14,0,0.9615671509737729,0.014.0,MAA000154,30_2_M,0.014.0-MAA000154-30_2_M-1
14,1,0.26295333072127663,1.014.0,MAA000154,30_2_M,1.014.0-MAA000154-30_2_M-1
14,2,0.3606377113774152,2.014.0,MAA000154,30_2_M,2.014.0-MAA000154-30_2_M-1
14,3,2.5318057113326407,3.014.0,MAA000154,30_2_M,3.014.0-MAA000154-30_2_M-1
14,4,1.0494399460139583,4.014.0,MAA000154,30_2_M,4.014.0-MAA000154-30_2_M-1
14,5,1.3114172899540166,5.014.0,MAA000154,30_2_M,5.014.0-MAA000154-30_2_M-1
14,6,-0.44669000738528425,6.014.0,MAA000154,30_2_M,6.014.0-MAA000154-30_2_M-1
14,7,0.23175203427780494,7.014.0,MAA000154,30_2_M,7.014.0-MAA000154-30_2_M-1
14,8,1.1764252185418342,8.014.0,MAA000154,30_2_M,8.014.0-MAA000154-30_2_M-1
14,9,0.329033624782576,9.014.0,MAA000154,30_2_M,9.014.0-MAA000154-30_2_M-1
14,10,1.1720925351628806,10.014.0,MAA000154,30_2_M,10.014.0-MAA000154-30_2_M-1
14,11,1.1062357478027853,11.014.0,MAA000154,30_2_M,11.014.0-MAA000154-30_2_M-1
14,12,3.0560257387189997,12.014.0,MAA000154,30_2_M,12.014.0-MAA000154-30_2_M-1
14,13,1.6222302504956385,13.014.0,MAA000154,30_2_M,13.014.0-MAA000154-30_2_M-1
14,14,0.4912660236126156,14.014.0,MAA000154,30_2_M,14.014.0-MAA000154-30_2_M-1
14,15,1.3088391939406643,15.014.0,MAA000154,30_2_M,15.014.0-MAA000154-30_2_M-1
15,0,1.3192089486981267,0.015.0,MAA000154,30_2_M,0.015.0-MAA000154-30_2_M-1
15,1,0.8721082950111403,1.015.0,MAA000154,30_2_M,1.015.0-MAA000154-30_2_M-1
15,2,1.2921765900824593,2.015.0,MAA000154,30_2_M,2.015.0-MAA000154-30_2_M-1
15,3,1.1376796745154785,3.015.0,MAA000154,30_2_M,3.015.0-MAA000154-30_2_M-1
15,4,3.2966372762915617,4.015.0,MAA000154,30_2_M,4.015.0-MAA000154-30_2_M-1
15,5,0.9553735053821211,5.015.0,MAA000154,30_2_M,5.015.0-MAA000154-30_2_M-1
15,6,0.81777465260456,6.015.0,MAA000154,30_2_M,6.015.0-MAA000154-30_2_M-1
15,7,1.665018038711683,7.015.0,MAA000154,30_2_M,7.015.0-MAA000154-30_2_M-1
15,8,1.5576690848687254,8.015.0,MAA000154,30_2_M,8.015.0-MAA000154-30_2_M-1
15,9,1.3916526100172328,9.015.0,MAA000154,30_2_M,9.015.0-MAA000154-30_2_M-1
15,10,1.3660987422539144,10.015.0,MAA000154,30_2_M,10.015.0-MAA000154-30_2_M-1
15,11,0.3336985801558328,11.015.0,MAA000154,30_2_M,11.015.0-MAA000154-30_2_M-1
15,12,1.7772219883850708,12.015.0,MAA000154,30_2_M,12.015.0-MAA000154-30_2_M-1
15,13,0.9434989648662854,13.015.0,MAA000154,30_2_M,13.015.0-MAA000154-30_2_M-1
15,14,1.7132584342587032,14.015.0,MAA000154,30_2_M,14.015.0-MAA000154-30_2_M-1
15,15,0.4711623727342707,15.015.0,MAA000154,30_2_M,15.015.0-MAA000154-30_2_M-1
16,0,0.25433696810641404,0.016.0,MAA000154,30_2_M,0.016.0-MAA000154-30_2_M-1
16,1,0.3247941687977074,1.016.0,MAA000154,30_2_M,1.016.0-MAA000154-30_2_M-1
16,2,0.39216888936918787,2.016.0,MAA000154,30_2_M,2.016.0-MAA000154-30_2_M-1
16,3,0.22100100338299444,3.016.0,MAA000154,30_2_M,3.016.0-MAA000154-30_2_M-1
16,4,4.852064633220914,4.016.0,MAA000154,30_2_M,4.016.0-MAA000154-30_2_M-1
16,5,0.9615635653047696,5.016.0,MAA000154,30_2_M,5.016.0-MAA000154-30_2_M-1
16,6,1.4456742992205285,6.016.0,MAA000154,30_2_M,6.016.0-MAA000154-30_2_M-1
16,7,1.1937368284896315,7.016.0,MAA000154,30_2_M,7.016.0-MAA000154-30_2_M-1
16,8,0.9197546647266184,8.016.0,MAA000154,30_2_M,8.016.0-MAA000154-30_2_M-1
16,9,2.4402408724420863,9.016.0,MAA000154,30_2_M,9.016.0-MAA000154-30_2_M-1
16,10,0.27730676374137436,10.016.0,MAA000154,30_2_M,10.016.0-MAA000154-30_2_M-1
16,11,1.1033409176941438,11.016.0,MAA000154,30_2_M,11.016.0-MAA000154-30_2_M-1
16,12,1.1850929757457438,12.016.0,MAA000154,30_2_M,12.016.0-MAA000154-30_2_M-1
16,13,1.2032854650453446,13.016.0,MAA000154,30_2_M,13.016.0-MAA000154-30_2_M-1
16,14,-0.2957931034975884,14.016.0,MAA000154,30_2_M,14.016.0-MAA000154-30_2_M-1
16,15,1.569922511075907,15.016.0,MAA000154,30_2_M,15.016.0-MAA000154-30_2_M-1
17,0,0.342019722689426,0.017.0,MAA000154,30_2_M,0.017.0-MAA000154-30_2_M-1
17,1,1.4339694803708476,1.017.0,MAA000154,30_2_M,1.017.0-MAA000154-30_2_M-1
17,2,1.4259017251134856,2.017.0,MAA000154,30_2_M,2.017.0-MAA000154-30_2_M-1
17,3,0.8555269663170095,3.017.0,MAA000154,30_2_M,3.017.0-MAA000154-30_2_M-1
17,4,1.5168797095105044,4.017.0,MAA000154,30_2_M,4.017.0-MAA000154-30_2_M-1
17,5,1.5291020599196576,5.017.0,MAA000154,30_2_M,5.017.0-MAA000154-30_2_M-1
17,6,0.34985201901557306,6.017.0,MAA000154,30_2_M,6.017.0-MAA000154-30_2_M-1
17,7,2.0490085274950807,7.017.0,MAA000154,30_2_M,7.017.0-MAA000154-30_2_M-1
17,8,0.8361524014693299,8.017.0,MAA000154,30_2_M,8.017.0-MAA000154-30_2_M-1
17,9,0.09948626653111033,9.017.0,MAA000154,30_2_M,9.017.0-MAA000154-30_2_M-1
17,10,1.3882330770111124,10.017.0,MAA000154,30_2_M,10.017.0-MAA000154-30_2_M-1
17,11,0.8017204172539102,11.017.0,MAA000154,30_2_M,11.017.0-MAA000154-30_2_M-1
17,12,0.38903381943732707,12.017.0,MAA000154,30_2_M,12.017.0-MAA000154-30_2_M-1
17,13,0.38657883139308685,13.017.0,MAA000154,30_2_M,13.017.0-MAA000154-30_2_M-1
17,14,0.49449671138456364,14.017.0,MAA000154,30_2_M,14.017.0-MAA000154-30_2_M-1
17,15,0.40279561707188494,15.017.0,MAA000154,30_2_M,15.017.0-MAA000154-30_2_M-1
18,0,0.3796740281157861,0.018.0,MAA000154,30_2_M,0.018.0-MAA000154-30_2_M-1
18,1,0.3235403798695633,1.018.0,MAA000154,30_2_M,1.018.0-MAA000154-30_2_M-1
18,2,0.31644075524308474,2.018.0,MAA000154,30_2_M,2.018.0-MAA000154-30_2_M-1
18,3,4.297423790010796,3.018.0,MAA000154,30_2_M,3.018.0-MAA000154-30_2_M-1
18,4,1.3609282075511961,4.018.0,MAA000154,30_2_M,4.018.0-MAA000154-30_2_M-1
18,5,0.28696894648219123,5.018.0,MAA000154,30_2_M,5.018.0-MAA000154-30_2_M-1
18,6,0.5182254736252165,6.018.0,MAA000154,30_2_M,6.018.0-MAA000154-30_2_M-1
18,7,1.929863917854359,7.018.0,MAA000154,30_2_M,7.018.0-MAA000154-30_2_M-1
18,8,0.24004449145937196,8.018.0,MAA000154,30_2_M,8.018.0-MAA000154-30_2_M-1
18,9,0.8316762913302455,9.018.0,MAA000154,30_2_M,9.018.0-MAA000154-30_2_M-1
18,10,3.063714608285016,10.018.0,MAA000154,30_2_M,10.018.0-MAA000154-30_2_M-1
18,11,1.331881898178691,11.018.0,MAA000154,30_2_M,11.018.0-MAA000154-30_2_M-1
18,12,2.973417900998619,12.018.0,MAA000154,30_2_M,12.018.0-MAA000154-30_2_M-1
18,13,0.24521741660809232,13.018.0,MAA000154,30_2_M,13.018.0-MAA000154-30_2_M-1
18,14,0.34261374852096804,14.018.0,MAA000154,30_2_M,14.018.0-MAA000154-30_2_M-1
18,15,0.5247322676431541,15.018.0,MAA000154,30_2_M,15.018.0-MAA000154-30_2_M-1
19,0,0.36200026559865855,0.019.0,MAA000154,30_2_M,0.019.0-MAA000154-30_2_M-1
19,1,0.3302814375957146,1.019.0,MAA000154,30_2_M,1.019.0-MAA000154-30_2_M-1
19,2,0.9359284223773772,2.019.0,MAA000154,30_2_M,2.019.0-MAA000154-30_2_M-1
19,3,3.3090126152448542,3.019.0,MAA000154,30_2_M,3.019.0-MAA000154-30_2_M-1
19,4,0.9086594096074937,4.019.0,MAA000154,30_2_M,4.019.0-MAA000154-30_2_M-1
19,5,3.9938873470998133,5.019.0,MAA000154,30_2_M,5.019.0-MAA000154-30_2_M-1
19,6,1.29279093470502,6.019.0,MAA000154,30_2_M,6.019.0-MAA000154-30_2_M-1
19,7,0.2804298814432243,7.019.0,MAA000154,30_2_M,7.019.0-MAA000154-30_2_M-1
19,8,0.8251838399883209,8.019.0,MAA000154,30_2_M,8.019.0-MAA000154-30_2_M-1
19,9,0.20541649067177334,9.019.0,MAA000154,30_2_M,9.019.0-MAA000154-30_2_M-1
19,10,0.293425541134083,10.019.0,MAA000154,30_2_M,10.019.0-MAA000154-30_2_M-1
19,11,0.3167562941153727,11.019.0,MAA000154,30_2_M,11.019.0-MAA000154-30_2_M-1
19,12,1.574475115487061,12.019.0,MAA000154,30_2_M,12.019.0-MAA000154-30_2_M-1
19,13,0.3576377016446776,13.019.0,MAA000154,30_2_M,13.019.0-MAA000154-30_2_M-1
19,14,0.46473207298840297,14.019.0,MAA000154,30_2_M,14.019.0-MAA000154-30_2_M-1
19,15,0.9465503691880698,15.019.0,MAA000154,30_2_M,15.019.0-MAA000154-30_2_M-1
20,0,0.24368992161269845,0.020.0,MAA000154,30_2_M,0.020.0-MAA000154-30_2_M-1
20,1,1.401792881958486,1.020.0,MAA000154,30_2_M,1.020.0-MAA000154-30_2_M-1
20,2,1.7454840368141096,2.020.0,MAA000154,30_2_M,2.020.0-MAA000154-30_2_M-1
20,3,0.3039339417596721,3.020.0,MAA000154,30_2_M,3.020.0-MAA000154-30_2_M-1
20,4,0.9914202358720143,4.020.0,MAA000154,30_2_M,4.020.0-MAA000154-30_2_M-1
20,5,1.1764790035768833,5.020.0,MAA000154,30_2_M,5.020.0-MAA000154-30_2_M-1
20,6,0.30494390519559367,6.020.0,MAA000154,30_2_M,6.020.0-MAA000154-30_2_M-1
20,7,2.188324915725209,7.020.0,MAA000154,30_2_M,7.020.0-MAA000154-30_2_M-1
20,8,1.5447152579829049,8.020.0,MAA000154,30_2_M,8.020.0-MAA000154-30_2_M-1
20,9,1.3973729473004526,9.020.0,MAA000154,30_2_M,9.020.0-MAA000154-30_2_M-1
20,10,0.19590968692109823,10.020.0,MAA000154,30_2_M,10.020.0-MAA000154-30_2_M-1
20,11,0.23695842567055586,11.020.0,MAA000154,30_2_M,11.020.0-MAA000154-30_2_M-1
20,12,3.516582212952265,12.020.0,MAA000154,30_2_M,12.020.0-MAA000154-30_2_M-1
20,13,0.3728265955425377,13.020.0,MAA000154,30_2_M,13.020.0-MAA000154-30_2_M-1
20,14,0.7081619463975366,14.020.0,MAA000154,30_2_M,14.020.0-MAA000154-30_2_M-1
20,15,1.8142332638368444,15.020.0,MAA000154,30_2_M,15.020.0-MAA000154-30_2_M-1
21,0,1.226625779810643,0.021.0,MAA000154,30_2_M,0.021.0-MAA000154-30_2_M-1
21,1,0.17486898120989824,1.021.0,MAA000154,30_2_M,1.021.0-MAA000154-30_2_M-1
21,2,0.36366521123917783,2.021.0,MAA000154,30_2_M,2.021.0-MAA000154-30_2_M-1
21,3,0.3558950665090874,3.021.0,MAA000154,30_2_M,3.021.0-MAA000154-30_2_M-1
21,4,1.4412280696564712,4.021.0,MAA000154,30_2_M,4.021.0-MAA000154-30_2_M-1
21,5,1.2984084828101459,5.021.0,MAA000154,30_2_M,5.021.0-MAA000154-30_2_M-1
21,6,1.278791287693245,6.021.0,MAA000154,30_2_M,6.021.0-MAA000154-30_2_M-1
21,7,0.9326092881033484,7.021.0,MAA000154,30_2_M,7.021.0-MAA000154-30_2_M-1
21,8,2.8616155462535975,8.021.0,MAA000154,30_2_M,8.021.0-MAA000154-30_2_M-1
21,9,0.1766701822725419,9.021.0,MAA000154,30_2_M,9.021.0-MAA000154-30_2_M-1
21,10,0.48347795053750886,10.021.0,MAA000154,30_2_M,10.021.0-MAA000154-30_2_M-1
21,11,1.597452082460028,11.021.0,MAA000154,30_2_M,11.021.0-MAA000154-30_2_M-1
21,12,3.793752036459187,12.021.0,MAA000154,30_2_M,12.021.0-MAA000154-30_2_M-1
21,13,4.250891368132334,13.021.0,MAA000154,30_2_M,13.021.0-MAA000154-30_2_M-1
21,14,3.804656055898137,14.021.0,MAA000154,30_2_M,14.021.0-MAA000154-30_2_M-1
21,15,0.1655725367074151,15.021.0,MAA000154,30_2_M,15.021.0-MAA000154-30_2_M-1
22,0,0.27696373474006136,0.022.0,MAA000154,30_2_M,0.022.0-MAA000154-30_2_M-1
22,1,1.4622783371516799,1.022.0,MAA000154,30_2_M,1.022.0-MAA000154-30_2_M-1
22,2,0.8964609636583625,2.022.0,MAA000154,30_2_M,2.022.0-MAA000154-30_2_M-1
22,3,0.8569684052563249,3.022.0,MAA000154,30_2_M,3.022.0-MAA000154-30_2_M-1
22,4,0.2850792989174669,4.022.0,MAA000154,30_2_M,4.022.0-MAA000154-30_2_M-1
22,5,1.1806909694327268,5.022.0,MAA000154,30_2_M,5.022.0-MAA000154-30_2_M-1
22,6,0.32007303794339925,6.022.0,MAA000154,30_2_M,6.022.0-MAA000154-30_2_M-1
22,7,1.3522951118143185,7.022.0,MAA000154,30_2_M,7.022.0-MAA000154-30_2_M-1
22,8,1.309391386967168,8.022.0,MAA000154,30_2_M,8.022.0-MAA000154-30_2_M-1
22,9,0.3003530536484045,9.022.0,MAA000154,30_2_M,9.022.0-MAA000154-30_2_M-1
22,10,1.2829936917650797,10.022.0,MAA000154,30_2_M,10.022.0-MAA000154-30_2_M-1
22,11,3.6318029054804057,11.022.0,MAA000154,30_2_M,11.022.0-MAA000154-30_2_M-1
22,12,1.4373698898089504,12.022.0,MAA000154,30_2_M,12.022.0-MAA000154-30_2_M-1
22,13,2.102460095326856,13.022.0,MAA000154,30_2_M,13.022.0-MAA000154-30_2_M-1
22,14,0.6463474032271298,14.022.0,MAA000154,30_2_M,14.022.0-MAA000154-30_2_M-1
22,15,1.1936089396285148,15.022.0,MAA000154,30_2_M,15.022.0-MAA000154-30_2_M-1
23,0,0.29020680559214584,0.023.0,MAA000154,30_2_M,0.023.0-MAA000154-30_2_M-1
23,1,0.26859239284042236,1.023.0,MAA000154,30_2_M,1.023.0-MAA000154-30_2_M-1
23,2,0.26586608917493454,2.023.0,MAA000154,30_2_M,2.023.0-MAA000154-30_2_M-1
23,3,0.34327709728657335,3.023.0,MAA000154,30_2_M,3.023.0-MAA000154-30_2_M-1
23,4,0.2834836762110109,4.023.0,MAA000154,30_2_M,4.023.0-MAA000154-30_2_M-1
23,5,0.3562619999704223,5.023.0,MAA000154,30_2_M,5.023.0-MAA000154-30_2_M-1
23,6,0.3586643982026145,6.023.0,MAA000154,30_2_M,6.023.0-MAA000154-30_2_M-1
23,7,0.3753521017438423,7.023.0,MAA000154,30_2_M,7.023.0-MAA000154-30_2_M-1
23,8,0.3137598700516384,8.023.0,MAA000154,30_2_M,8.023.0-MAA000154-30_2_M-1
23,9,0.31782601870134886,9.023.0,MAA000154,30_2_M,9.023.0-MAA000154-30_2_M-1
23,10,0.4065617647483216,10.023.0,MAA000154,30_2_M,10.023.0-MAA000154-30_2_M-1
23,11,0.31965231944701533,11.023.0,MAA000154,30_2_M,11.023.0-MAA000154-30_2_M-1
23,12,0.3182395658597262,12.023.0,MAA000154,30_2_M,12.023.0-MAA000154-30_2_M-1
23,13,0.42211400643851327,13.023.0,MAA000154,30_2_M,13.023.0-MAA000154-30_2_M-1
23,14,0.2422759728024082,14.023.0,MAA000154,30_2_M,14.023.0-MAA000154-30_2_M-1
23,15,-0.46120240506452703,15.023.0,MAA000154,30_2_M,15.023.0-MAA000154-30_2_M-1
24,0,7.75320312886225,0.024.0,MAA000154,30_2_M,0.024.0-MAA000154-30_2_M-1
24,1,7.231000637901731,1.024.0,MAA000154,30_2_M,1.024.0-MAA000154-30_2_M-1
24,2,6.401795557327069,2.024.0,MAA000154,30_2_M,2.024.0-MAA000154-30_2_M-1
24,3,6.604572310800106,3.024.0,MAA000154,30_2_M,3.024.0-MAA000154-30_2_M-1
24,4,4.289367986983445,4.024.0,MAA000154,30_2_M,4.024.0-MAA000154-30_2_M-1
24,5,4.298697897729958,5.024.0,MAA000154,30_2_M,5.024.0-MAA000154-30_2_M-1
24,6,1.8982658073745253,6.024.0,MAA000154,30_2_M,6.024.0-MAA000154-30_2_M-1
24,7,1.9251009541950128,7.024.0,MAA000154,30_2_M,7.024.0-MAA000154-30_2_M-1
24,8,0.6789805768259082,8.024.0,MAA000154,30_2_M,8.024.0-MAA000154-30_2_M-1
24,9,0.6640247514132607,9.024.0,MAA000154,30_2_M,9.024.0-MAA000154-30_2_M-1
24,10,0.07073876290887776,10.024.0,MAA000154,30_2_M,10.024.0-MAA000154-30_2_M-1
24,11,0.09991296114249969,11.024.0,MAA000154,30_2_M,11.024.0-MAA000154-30_2_M-1
24,12,-0.20719361287273996,12.024.0,MAA000154,30_2_M,12.024.0-MAA000154-30_2_M-1
24,13,-0.2084677205919026,13.024.0,MAA000154,30_2_M,13.024.0-MAA000154-30_2_M-1
24,14,-0.5097033592257849,14.024.0,MAA000154,30_2_M,14.024.0-MAA000154-30_2_M-1
24,15,-0.5188563769681372,15.024.0,MAA000154,30_2_M,15.024.0-MAA000154-30_2_M-1
